{"data":{"allMarkdownRemark":{"edges":[{"node":{"id":"f6a09a77-e7a4-58c1-8c34-5f001cb874ed","frontmatter":{"productname":"SONY BRAVIA KD-65XH9505BU 65 Smart 4K Ultra HD HDR LED TV with Google Assistant","price":"47999","path":"/product10"},"excerpt":"Today we learn Html Today we learn Html Today we learn Html Today we learn Html Today we learn Html Today we learn Html Today we learn Html…"}},{"node":{"id":"11797dea-b7ef-5423-8ae1-20e5e82e9b87","frontmatter":{"productname":"SONY BRAVIA KD65X7052PBU 65 Smart 4K Ultra HD HDR LED TV","price":"20000","path":"/product1"},"excerpt":"Today we learn Html Today we learn Html Today we learn Html Today we learn Html Today we learn Html Today we learn Html Today we learn Html…"}},{"node":{"id":"b1619f2e-06d4-56ce-93da-1e8b9cb0400c","frontmatter":{"productname":"SAMSUNG QE65Q90TATXXU 65 Smart 4K Ultra HD HDR QLED TV with Bixby, Alexa & Google Assistant","price":"77000","path":"/product6"},"excerpt":"Today we learn Html Today we learn Html Today we learn Html Today we learn Html Today we learn Html Today we learn Html Today we learn Html…"}},{"node":{"id":"1477d842-671d-5a5c-ac63-ad64af1331f9","frontmatter":{"productname":"LG OLED65WX9LA 65 Smart 4K Ultra HD HDR OLED TV with Google Assistant & Amazon Alexa","price":"47999","path":"/product10"},"excerpt":"Today we learn Html Today we learn Html Today we learn Html Today we learn Html Today we learn Html Today we learn Html Today we learn Html…"}},{"node":{"id":"99e83b99-d5df-57cd-ba6e-3bd25ee9ce51","frontmatter":{"productname":"HISENSE 58A7100FTUK 58 Smart 4K Ultra HD HDR LED TV with Amazon Alexa","price":"21000","path":"/product2"},"excerpt":"Today we learn Html Today we learn Html Today we learn Html Today we learn Html Today we learn Html Today we learn Html Today we learn Html…"}},{"node":{"id":"fd002172-5ab2-52d8-8ad4-af66084e0c76","frontmatter":{"productname":"LG 43UN73006LC 43 Smart 4K Ultra HD HDR LED TV with Google Assistant & Amazon Alexa","price":"99499","path":"/product8"},"excerpt":"Today we learn Html Today we learn Html Today we learn Html Today we learn Html Today we learn Html Today we learn Html Today we learn Html…"}},{"node":{"id":"457d24c9-4f52-52b5-998a-2f9140b0274a","frontmatter":{"productname":"SONY BRAVIA KD65XH8096BU 65 Smart 4K Ultra HD HDR LED TV with Google Assistant","price":"67000","path":"/product5"},"excerpt":"Today we learn Html Today we learn Html Today we learn Html Today we learn Html Today we learn Html Today we learn Html Today we learn Html…"}},{"node":{"id":"4e6a5da6-ba12-5462-b191-3c7c65f1d6cd","frontmatter":{"productname":"SAMSUNG QE85Q70TATXXU 85 Smart 4K Ultra HD HDR QLED TV with Bixby, Alexa & Google Assistant","price":"37000","path":"/product4"},"excerpt":"Today we learn Html Today we learn Html Today we learn Html Today we learn Html Today we learn Html Today we learn Html Today we learn Html…"}},{"node":{"id":"ad16b933-f8fd-5e1f-8012-275775c8ff40","frontmatter":{"productname":"SAMSUNG UE65TU8507UXXU 65 Smart 4K Ultra HD HDR LED TV with Bixby, Alexa & Google Assistant","price":"31000","path":"/product3"},"excerpt":"Today we learn Html Today we learn Html Today we learn Html Today we learn Html Today we learn Html Today we learn Html Today we learn Html…"}},{"node":{"id":"2c71176e-a21b-5db0-ba07-2556a1346a60","frontmatter":{"productname":"SONY BRAVIA KD65A8BU 65 Smart 4K Ultra HD HDR OLED TV with Google Assistant","price":"87499","path":"/product7"},"excerpt":"Today we learn Html Today we learn Html Today we learn Html Today we learn Html Today we learn Html Today we learn Html Today we learn Html…"}},{"node":{"id":"dbeeba9b-b579-5074-91a4-c31b6d2742b1","frontmatter":{"productname":"LG OLED65CX5LB 65 Smart 4K Ultra HD HDR OLED TV with Google Assistant & Amazon Alexa","price":"77000","path":"/product6"},"excerpt":"Today we learn Html Today we learn Html Today we learn Html Today we learn Html Today we learn Html Today we learn Html Today we learn Html…"}},{"node":{"id":"c3b560e5-34a1-59e5-b0be-6f39d96717f2","frontmatter":{"productname":"LG 43UN73006LC 43 Smart 4K Ultra HD HDR LED TV with Google Assistant & Amazon Alexa","price":"49499","path":"/product9"},"excerpt":"Today we learn Html Today we learn Html Today we learn Html Today we learn Html Today we learn Html Today we learn Html Today we learn Html…"}}]}}}