{"data":{"allMarkdownRemark":{"edges":[{"node":{"id":"8ce6097f-1918-528d-a204-0e21dfcb0c01","frontmatter":{"author":"Boopathi","path":"/001-first-post","productname":null,"title":"first Post","image":{"childImageSharp":{"fluid":{"src":"/static/45664c202220e442ab7060433cea964d/4fe8c/javascript.jpg"}}}},"excerpt":"Today we learn Html Today we learn Html Today we learn Html Today we learn Html Today we learn Html Today we learn Html Today we learn Html…"}},{"node":{"id":"beae2a51-d5f9-52b2-935b-8962f52eeb6a","frontmatter":{"author":null,"path":"/001-first-post","productname":"ss","title":"My  blog post","image":{"childImageSharp":{"fluid":{"src":"/static/45664c202220e442ab7060433cea964d/4fe8c/javascript.jpg"}}}},"excerpt":""}},{"node":{"id":"aa588f09-cc33-511e-adeb-09e1dc5a66f9","frontmatter":{"author":"Boopathi","path":"/001-Second-post","productname":null,"title":"Second Post","image":{"childImageSharp":{"fluid":{"src":"/static/45664c202220e442ab7060433cea964d/4fe8c/javascript.jpg"}}}},"excerpt":"Today we learn JavaScript Today we learn JavaScript Today we learn JavaScript Today we learn JavaScript Today we learn JavaScript Today we…"}},{"node":{"id":"cd11d3e4-32de-5d79-bffa-0a43c428653b","frontmatter":{"author":"Boopathi","path":"/001-third-post","productname":null,"title":"thierd Post","image":{"childImageSharp":{"fluid":{"src":"/static/45664c202220e442ab7060433cea964d/4fe8c/javascript.jpg"}}}},"excerpt":"Today we learn Css Today we learn Css Today we learn Css Today we learn Css Today we learn Css Today we learn Css Today we learn Css Today…"}}]}}}